"Id","Prediction"
"0","1"
"1","0"
"2","2"
"3","2"
"4","1"
"5","2"
"6","2"
"7","2"
"8","1"
"9","2"
"10","2"
"11","2"
"12","2"
"13","1"
"14","2"
"15","1"
"16","2"
"17","2"
"18","1"
"19","1"
"20","2"
"21","1"
"22","1"
"23","2"
"24","0"
"25","2"
"26","2"
"27","0"
"28","1"
"29","2"
"30","2"
"31","2"
"32","2"
"33","0"
"34","1"
"35","2"
"36","1"
"37","2"
"38","0"
"39","0"
"40","2"
"41","2"
"42","2"
"43","1"
"44","2"
"45","1"
"46","1"
"47","0"
"48","2"
"49","2"
"50","1"
"51","0"
"52","0"
"53","2"
"54","2"
"55","2"
"56","2"
"57","2"
"58","0"
"59","1"
"60","2"
"61","2"
"62","1"
"63","2"
"64","1"
"65","0"
"66","2"
"67","1"
"68","1"
"69","1"
"70","2"
"71","0"
"72","0"
"73","0"
"74","2"
"75","2"
"76","2"
"77","2"
"78","2"
"79","2"
"80","2"
"81","1"
"82","0"
"83","2"
"84","2"
"85","1"
"86","1"
"87","2"
"88","2"
"89","0"
"90","0"
"91","2"
"92","2"
"93","2"
"94","2"
"95","2"
"96","2"
"97","0"
"98","2"
"99","1"
"100","2"
"101","2"
"102","2"
"103","2"
"104","2"
"105","1"
"106","2"
"107","2"
"108","2"
"109","1"
"110","2"
"111","2"
"112","2"
"113","2"
"114","2"
"115","2"
"116","1"
"117","2"
"118","2"
"119","2"
"120","2"
"121","0"
"122","2"
"123","2"
"124","2"
"125","2"
"126","2"
"127","2"
"128","1"
"129","0"
"130","0"
"131","2"
"132","2"
"133","2"
"134","1"
"135","2"
"136","1"
"137","2"
"138","0"
"139","1"
"140","2"
"141","2"
"142","0"
"143","0"
"144","2"
"145","1"
"146","2"
"147","1"
"148","1"
"149","2"
"150","0"
"151","2"
"152","2"
"153","2"
"154","2"
"155","2"
"156","2"
"157","2"
"158","2"
"159","2"
"160","0"
"161","0"
"162","2"
"163","1"
"164","0"
"165","1"
"166","1"
"167","2"
"168","2"
"169","2"
"170","2"
"171","2"
"172","2"
"173","2"
"174","2"
"175","2"
"176","0"
"177","2"
"178","2"
"179","1"
"180","2"
"181","2"
"182","2"
"183","2"
"184","0"
"185","2"
"186","2"
"187","2"
"188","2"
"189","1"
"190","0"
"191","1"
"192","2"
"193","2"
"194","2"
"195","1"
"196","2"
"197","0"
"198","1"
"199","2"
"200","1"
"201","2"
"202","2"
"203","2"
"204","2"
"205","0"
"206","2"
"207","2"
"208","2"
"209","2"
"210","2"
"211","2"
"212","2"
"213","2"
"214","2"
"215","1"
"216","2"
"217","2"
"218","2"
"219","2"
"220","2"
"221","2"
"222","1"
"223","2"
"224","2"
"225","1"
"226","1"
"227","2"
"228","2"
"229","2"
"230","2"
"231","2"
"232","0"
"233","2"
"234","2"
"235","2"
"236","2"
"237","0"
"238","0"
"239","1"
"240","0"
"241","2"
"242","2"
"243","1"
"244","1"
"245","2"
"246","2"
"247","1"
"248","1"
"249","2"
"250","1"
"251","2"
"252","2"
"253","2"
"254","2"
"255","0"
"256","2"
"257","2"
"258","2"
"259","2"
"260","0"
"261","2"
"262","2"
"263","1"
"264","2"
"265","2"
"266","2"
"267","2"
"268","1"
"269","2"
"270","2"
"271","2"
"272","2"
"273","1"
"274","2"
"275","1"
"276","0"
"277","1"
"278","0"
"279","2"
"280","0"
"281","2"
"282","2"
"283","2"
"284","1"
"285","2"
"286","2"
"287","1"
"288","1"
"289","1"
"290","1"
"291","2"
"292","0"
"293","0"
"294","1"
"295","2"
"296","2"
"297","1"
"298","0"
"299","0"
"300","1"
"301","1"
"302","2"
"303","1"
"304","2"
"305","2"
"306","2"
"307","2"
"308","2"
"309","2"
"310","2"
"311","2"
"312","0"
"313","0"
"314","2"
"315","0"
"316","1"
"317","2"
"318","2"
"319","1"
"320","2"
"321","2"
"322","1"
"323","2"
"324","0"
"325","0"
"326","2"
"327","2"
"328","2"
"329","0"
"330","2"
"331","2"
"332","2"
"333","2"
"334","2"
"335","2"
"336","2"
"337","0"
"338","2"
"339","2"
"340","1"
"341","1"
"342","0"
"343","2"
"344","2"
"345","0"
"346","1"
"347","2"
"348","0"
"349","0"
"350","2"
"351","0"
"352","2"
"353","0"
"354","2"
"355","2"
"356","1"
"357","2"
"358","2"
"359","2"
"360","2"
"361","2"
"362","2"
"363","2"
"364","0"
"365","2"
"366","0"
"367","2"
"368","1"
"369","2"
"370","2"
"371","0"
"372","1"
"373","2"
"374","1"
"375","0"
"376","0"
"377","2"
"378","1"
"379","2"
"380","2"
"381","1"
"382","2"
"383","2"
"384","2"
"385","2"
"386","0"
"387","2"
"388","2"
"389","2"
"390","0"
"391","2"
"392","2"
"393","2"
"394","2"
"395","2"
"396","1"
"397","2"
"398","1"
"399","2"
"400","2"
"401","2"
"402","2"
"403","2"
"404","2"
"405","2"
"406","1"
"407","2"
"408","2"
"409","0"
"410","2"
"411","2"
"412","2"
"413","2"
"414","2"
"415","2"
"416","2"
"417","1"
"418","2"
"419","2"
"420","2"
"421","2"
"422","0"
"423","2"
"424","1"
"425","2"
"426","1"
"427","1"
"428","0"
"429","2"
"430","2"
"431","2"
"432","2"
"433","1"
"434","1"
"435","2"
"436","0"
"437","2"
"438","2"
"439","2"
"440","2"
"441","1"
"442","2"
"443","2"
"444","0"
"445","1"
"446","2"
"447","2"
"448","2"
"449","2"
"450","1"
"451","1"
"452","2"
"453","1"
"454","2"
"455","0"
"456","1"
"457","2"
"458","2"
"459","2"
"460","1"
"461","2"
"462","2"
"463","1"
"464","2"
"465","0"
"466","1"
"467","2"
"468","2"
"469","1"
"470","0"
"471","2"
"472","2"
"473","2"
"474","2"
"475","0"
"476","2"
"477","1"
"478","0"
"479","0"
"480","2"
"481","1"
"482","2"
"483","0"
"484","1"
"485","2"
"486","2"
"487","2"
"488","2"
"489","2"
"490","0"
"491","0"
"492","0"
"493","1"
"494","1"
"495","1"
"496","0"
"497","2"
"498","2"
"499","2"
"500","1"
"501","0"
"502","2"
"503","2"
"504","2"
"505","2"
"506","2"
"507","2"
"508","2"
"509","2"
"510","2"
"511","2"
"512","2"
"513","2"
"514","2"
"515","2"
"516","2"
"517","2"
"518","2"
"519","0"
"520","2"
"521","2"
"522","2"
"523","2"
"524","0"
"525","1"
"526","2"
"527","1"
"528","1"
"529","2"
"530","2"
"531","1"
"532","2"
"533","2"
"534","2"
"535","0"
"536","2"
"537","0"
"538","2"
"539","2"
"540","2"
"541","2"
"542","1"
"543","1"
"544","2"
"545","2"
"546","2"
"547","2"
"548","2"
"549","2"
"550","2"
"551","2"
"552","2"
"553","0"
"554","0"
"555","2"
"556","1"
"557","1"
"558","2"
"559","2"
"560","2"
"561","2"
"562","2"
"563","1"
"564","2"
"565","0"
"566","2"
"567","2"
"568","2"
"569","2"
"570","1"
"571","0"
"572","0"
"573","2"
"574","2"
"575","2"
"576","2"
"577","2"
"578","2"
"579","1"
"580","0"
"581","2"
"582","2"
"583","2"
"584","2"
"585","2"
"586","2"
"587","2"
"588","2"
"589","2"
"590","2"
"591","2"
"592","1"
"593","2"
"594","2"
"595","2"
"596","2"
"597","1"
"598","0"
"599","2"
"600","0"
"601","2"
"602","2"
"603","1"
"604","1"
"605","2"
"606","2"
"607","2"
"608","0"
"609","0"
"610","2"
"611","2"
"612","2"
"613","2"
"614","0"
"615","0"
"616","2"
"617","0"
"618","0"
"619","2"
"620","1"
"621","1"
"622","2"
"623","2"
"624","2"
"625","2"
"626","1"
"627","2"
"628","1"
"629","0"
"630","2"
"631","2"
"632","2"
"633","2"
"634","2"
"635","0"
"636","0"
"637","2"
"638","2"
"639","2"
"640","0"
"641","1"
"642","2"
"643","0"
"644","0"
"645","2"
"646","2"
"647","2"
"648","0"
"649","1"
"650","2"
"651","2"
"652","2"
"653","2"
"654","2"
"655","2"
"656","2"
"657","2"
"658","2"
"659","2"
"660","2"
"661","2"
"662","2"
"663","2"
"664","1"
"665","2"
"666","2"
"667","2"
"668","2"
"669","2"
"670","2"
"671","2"
"672","2"
"673","0"
"674","2"
"675","0"
"676","0"
"677","2"
"678","2"
"679","1"
"680","0"
"681","2"
"682","2"
"683","2"
"684","1"
"685","2"
"686","2"
"687","2"
"688","1"
"689","2"
"690","0"
"691","1"
"692","2"
"693","2"
"694","2"
"695","2"
"696","2"
"697","2"
"698","2"
"699","2"
"700","2"
"701","2"
"702","2"
"703","2"
"704","2"
"705","0"
"706","2"
"707","0"
"708","2"
"709","2"
"710","2"
"711","2"
"712","2"
"713","2"
"714","2"
"715","2"
"716","2"
"717","0"
"718","2"
"719","1"
"720","2"
"721","2"
"722","2"
"723","2"
"724","2"
"725","2"
"726","2"
"727","2"
"728","2"
"729","0"
"730","2"
"731","2"
"732","2"
"733","2"
"734","2"
"735","0"
"736","2"
"737","2"
"738","0"
"739","2"
"740","1"
"741","2"
"742","2"
"743","1"
"744","1"
"745","2"
"746","2"
"747","2"
"748","2"
"749","0"
"750","1"
"751","2"
"752","2"
"753","2"
"754","2"
"755","2"
"756","1"
"757","2"
"758","2"
"759","2"
"760","1"
"761","2"
"762","0"
"763","2"
"764","2"
"765","2"
"766","1"
"767","0"
"768","2"
"769","1"
"770","2"
"771","2"
"772","2"
"773","2"
"774","2"
"775","2"
"776","2"
"777","1"
"778","2"
"779","2"
"780","1"
"781","1"
"782","2"
"783","0"
"784","2"
"785","1"
"786","1"
"787","0"
"788","2"
"789","2"
"790","2"
"791","1"
"792","2"
"793","2"
"794","1"
"795","1"
"796","2"
"797","2"
"798","2"
"799","2"
"800","2"
"801","1"
"802","2"
"803","2"
"804","2"
"805","2"
"806","1"
"807","2"
"808","2"
"809","2"
"810","2"
"811","2"
"812","1"
"813","2"
"814","2"
"815","2"
"816","1"
"817","2"
"818","2"
"819","2"
"820","2"
"821","1"
"822","2"
"823","2"
"824","1"
"825","2"
"826","1"
"827","1"
"828","2"
"829","1"
"830","0"
"831","1"
"832","2"
"833","2"
"834","1"
"835","2"
"836","2"
"837","2"
"838","0"
"839","1"
"840","2"
"841","2"
"842","1"
"843","2"
"844","2"
"845","2"
"846","0"
"847","2"
"848","0"
"849","0"
"850","2"
"851","2"
"852","1"
"853","2"
"854","2"
"855","2"
"856","0"
"857","2"
"858","0"
"859","1"
"860","1"
"861","2"
"862","2"
"863","1"
"864","2"
"865","1"
"866","0"
"867","2"
"868","2"
"869","0"
"870","2"
"871","0"
"872","1"
"873","1"
"874","2"
"875","2"
"876","2"
"877","2"
"878","2"
"879","2"
"880","1"
"881","2"
"882","2"
"883","1"
"884","2"
"885","2"
"886","2"
"887","2"
"888","2"
"889","2"
"890","2"
"891","2"
"892","2"
"893","2"
"894","2"
"895","2"
"896","0"
"897","2"
"898","2"
"899","0"
"900","2"
"901","2"
"902","2"
"903","2"
"904","1"
"905","1"
"906","2"
"907","2"
"908","2"
"909","2"
"910","1"
"911","2"
"912","1"
"913","2"
"914","2"
"915","2"
"916","2"
"917","2"
"918","2"
"919","0"
"920","2"
"921","2"
"922","2"
"923","1"
"924","2"
"925","0"
"926","2"
"927","2"
"928","2"
"929","2"
"930","2"
"931","1"
"932","2"
"933","1"
"934","2"
"935","2"
"936","2"
"937","2"
"938","2"
"939","1"
"940","2"
"941","2"
"942","0"
"943","2"
"944","2"
"945","2"
"946","2"
"947","2"
"948","2"
"949","2"
"950","2"
"951","2"
"952","2"
"953","2"
"954","0"
"955","2"
"956","2"
"957","2"
"958","2"
"959","2"
"960","2"
"961","2"
"962","1"
"963","2"
"964","0"
"965","2"
"966","2"
"967","2"
"968","2"
"969","0"
"970","1"
"971","2"
"972","0"
"973","2"
"974","1"
"975","2"
"976","2"
"977","1"
"978","2"
"979","2"
"980","2"
"981","1"
"982","2"
"983","2"
"984","0"
"985","2"
"986","2"
"987","2"
"988","2"
"989","2"
"990","2"
"991","2"
"992","2"
"993","2"
"994","0"
"995","0"
"996","2"
"997","2"
"998","2"
"999","2"
"1000","2"
"1001","0"
"1002","2"
"1003","2"
"1004","2"
"1005","2"
"1006","2"
"1007","2"
"1008","2"
"1009","2"
"1010","2"
"1011","2"
"1012","2"
"1013","2"
"1014","1"
"1015","2"
"1016","2"
"1017","2"
"1018","2"
"1019","0"
"1020","2"
"1021","0"
"1022","2"
"1023","2"
"1024","0"
"1025","1"
"1026","2"
"1027","0"
"1028","2"
"1029","2"
"1030","0"
"1031","2"
"1032","0"
"1033","2"
"1034","2"
"1035","2"
"1036","1"
"1037","1"
"1038","2"
"1039","2"
"1040","2"
"1041","2"
"1042","2"
"1043","2"
"1044","2"
"1045","2"
"1046","0"
"1047","2"
"1048","0"
"1049","2"
"1050","1"
"1051","2"
"1052","2"
"1053","1"
"1054","2"
"1055","2"
"1056","2"
"1057","2"
"1058","2"
"1059","2"
"1060","0"
"1061","2"
"1062","0"
"1063","2"
"1064","1"
"1065","2"
"1066","2"
"1067","2"
"1068","2"
"1069","0"
"1070","1"
"1071","2"
"1072","2"
"1073","2"
"1074","2"
"1075","2"
"1076","1"
"1077","2"
"1078","2"
"1079","2"
"1080","2"
"1081","0"
"1082","1"
"1083","2"
"1084","2"
"1085","1"
"1086","2"
"1087","1"
"1088","2"
"1089","0"
"1090","2"
"1091","2"
"1092","2"
"1093","2"
"1094","0"
"1095","1"
"1096","0"
"1097","1"
"1098","2"
"1099","2"
"1100","2"
"1101","2"
"1102","1"
"1103","2"
"1104","2"
"1105","2"
"1106","1"
"1107","2"
"1108","2"
"1109","0"
"1110","2"
"1111","0"
"1112","0"
"1113","2"
"1114","2"
"1115","2"
"1116","2"
"1117","1"
"1118","1"
"1119","0"
"1120","2"
"1121","2"
"1122","2"
"1123","2"
"1124","0"
"1125","2"
"1126","2"
"1127","2"
"1128","2"
"1129","2"
"1130","2"
"1131","1"
"1132","2"
"1133","2"
"1134","2"
"1135","2"
"1136","1"
"1137","2"
"1138","2"
"1139","2"
"1140","2"
"1141","1"
"1142","2"
"1143","1"
"1144","1"
"1145","2"
"1146","1"
"1147","0"
"1148","1"
"1149","2"
"1150","0"
"1151","2"
"1152","2"
"1153","2"
"1154","2"
"1155","2"
"1156","2"
"1157","1"
"1158","2"
"1159","1"
"1160","2"
"1161","2"
"1162","2"
"1163","2"
"1164","1"
"1165","2"
"1166","0"
"1167","2"
"1168","2"
"1169","0"
"1170","1"
"1171","2"
"1172","1"
"1173","0"
"1174","2"
"1175","2"
"1176","1"
"1177","0"
"1178","2"
"1179","2"
"1180","2"
"1181","2"
"1182","2"
"1183","1"
"1184","2"
"1185","0"
"1186","2"
"1187","2"
"1188","2"
"1189","0"
"1190","2"
"1191","1"
"1192","2"
"1193","0"
"1194","2"
"1195","2"
"1196","2"
"1197","2"
"1198","0"
"1199","0"
"1200","2"
"1201","2"
"1202","2"
"1203","2"
"1204","2"
"1205","2"
"1206","2"
"1207","1"
"1208","0"
"1209","2"
"1210","2"
"1211","1"
"1212","2"
"1213","0"
"1214","2"
"1215","2"
"1216","2"
"1217","0"
"1218","1"
"1219","2"
"1220","2"
"1221","2"
"1222","2"
"1223","2"
"1224","2"
"1225","1"
"1226","2"
"1227","0"
"1228","2"
"1229","2"
"1230","2"
"1231","1"
"1232","1"
"1233","0"
"1234","0"
"1235","0"
"1236","2"
"1237","1"
"1238","1"
"1239","2"
"1240","2"
"1241","2"
"1242","2"
"1243","2"
"1244","0"
"1245","2"
"1246","2"
"1247","2"
"1248","0"
"1249","2"
"1250","2"
"1251","2"
"1252","2"
"1253","2"
"1254","2"
"1255","2"
"1256","0"
"1257","0"
"1258","1"
"1259","2"
"1260","1"
"1261","1"
"1262","2"
"1263","2"
"1264","1"
"1265","2"
"1266","2"
"1267","0"
"1268","2"
"1269","0"
"1270","2"
"1271","1"
"1272","0"
"1273","2"
"1274","2"
"1275","2"
"1276","2"
"1277","2"
"1278","2"
"1279","2"
"1280","2"
"1281","2"
"1282","2"
"1283","1"
"1284","1"
"1285","2"
"1286","2"
"1287","2"
"1288","2"
"1289","2"
"1290","2"
"1291","2"
"1292","2"
"1293","2"
"1294","2"
"1295","2"
"1296","2"
"1297","1"
"1298","2"
"1299","1"
"1300","0"
"1301","2"
"1302","2"
"1303","1"
"1304","2"
"1305","2"
"1306","1"
"1307","2"
"1308","1"
"1309","0"
"1310","2"
"1311","2"
"1312","2"
"1313","2"
"1314","2"
"1315","0"
"1316","1"
"1317","2"
"1318","2"
"1319","2"
"1320","0"
"1321","2"
"1322","1"
"1323","2"
"1324","0"
"1325","2"
"1326","2"
"1327","2"
"1328","1"
"1329","2"
"1330","2"
"1331","2"
"1332","0"
"1333","2"
"1334","2"
"1335","2"
"1336","2"
"1337","0"
"1338","2"
"1339","1"
"1340","1"
"1341","2"
"1342","2"
"1343","2"
"1344","1"
"1345","1"
"1346","2"
"1347","2"
"1348","2"
"1349","2"
"1350","1"
"1351","1"
"1352","2"
"1353","1"
"1354","2"
"1355","2"
"1356","2"
"1357","2"
"1358","1"
"1359","2"
"1360","2"
"1361","2"
"1362","2"
"1363","2"
"1364","1"
"1365","2"
"1366","2"
"1367","2"
"1368","2"
"1369","2"
"1370","2"
"1371","1"
"1372","2"
"1373","2"
"1374","1"
"1375","0"
"1376","2"
"1377","2"
"1378","2"
"1379","2"
"1380","1"
"1381","2"
"1382","1"
"1383","1"
"1384","2"
"1385","2"
"1386","1"
"1387","1"
"1388","2"
"1389","2"
"1390","1"
"1391","2"
"1392","2"
"1393","0"
"1394","2"
"1395","2"
"1396","2"
"1397","2"
"1398","1"
"1399","2"
"1400","2"
"1401","2"
"1402","2"
"1403","0"
"1404","0"
"1405","2"
"1406","2"
"1407","0"
"1408","1"
"1409","0"
"1410","2"
"1411","2"
"1412","1"
"1413","2"
"1414","1"
"1415","2"
"1416","2"
"1417","2"
"1418","1"
"1419","2"
"1420","2"
"1421","2"
"1422","2"
"1423","1"
"1424","2"
"1425","2"
"1426","1"
"1427","2"
"1428","2"
"1429","2"
"1430","2"
"1431","2"
"1432","2"
"1433","2"
"1434","2"
"1435","1"
"1436","2"
"1437","2"
"1438","1"
"1439","2"
"1440","2"
"1441","0"
"1442","2"
"1443","2"
"1444","2"
"1445","2"
"1446","1"
"1447","0"
"1448","0"
"1449","2"
"1450","2"
"1451","2"
"1452","2"
"1453","1"
"1454","2"
"1455","2"
"1456","2"
"1457","2"
"1458","2"
"1459","2"
"1460","2"
"1461","2"
"1462","2"
"1463","2"
"1464","2"
"1465","1"
"1466","2"
"1467","2"
"1468","2"
"1469","1"
"1470","0"
"1471","0"
"1472","2"
"1473","1"
"1474","1"
"1475","2"
"1476","2"
"1477","2"
"1478","2"
"1479","2"
"1480","1"
"1481","2"
"1482","2"
"1483","0"
"1484","2"
"1485","0"
"1486","2"
"1487","2"
"1488","1"
"1489","2"
"1490","1"
"1491","0"
"1492","1"
"1493","2"
"1494","2"
"1495","1"
"1496","2"
"1497","0"
"1498","0"
"1499","2"
"1500","2"
"1501","0"
"1502","0"
"1503","2"
"1504","2"
"1505","2"
"1506","2"
"1507","2"
"1508","0"
"1509","2"
"1510","1"
"1511","2"
"1512","2"
"1513","2"
"1514","2"
"1515","2"
"1516","2"
"1517","2"
"1518","1"
"1519","2"
"1520","1"
"1521","2"
"1522","2"
"1523","0"
"1524","2"
"1525","1"
"1526","0"
"1527","1"
"1528","2"
"1529","1"
"1530","2"
"1531","0"
"1532","2"
"1533","2"
"1534","0"
"1535","2"
"1536","2"
"1537","0"
"1538","1"
"1539","2"
"1540","2"
"1541","2"
"1542","2"
"1543","2"
"1544","2"
"1545","1"
"1546","2"
"1547","2"
"1548","1"
"1549","2"
"1550","2"
"1551","2"
"1552","2"
"1553","2"
"1554","1"
"1555","1"
"1556","2"
"1557","2"
"1558","0"
"1559","0"
"1560","1"
"1561","2"
"1562","2"
"1563","2"
"1564","2"
"1565","2"
"1566","2"
"1567","0"
"1568","2"
"1569","2"
"1570","1"
"1571","2"
"1572","0"
"1573","1"
"1574","2"
"1575","2"
"1576","0"
"1577","1"
"1578","2"
"1579","2"
"1580","2"
"1581","2"
"1582","2"
"1583","2"
"1584","2"
"1585","2"
"1586","2"
"1587","2"
"1588","1"
"1589","2"
"1590","2"
"1591","2"
"1592","0"
"1593","2"
"1594","2"
"1595","2"
"1596","1"
"1597","2"
"1598","2"
"1599","2"
"1600","2"
"1601","2"
"1602","0"
"1603","0"
"1604","1"
"1605","2"
"1606","2"
"1607","0"
"1608","2"
"1609","2"
"1610","2"
"1611","2"
"1612","1"
"1613","2"
"1614","2"
"1615","0"
"1616","1"
"1617","2"
"1618","2"
"1619","2"
"1620","0"
"1621","2"
"1622","2"
"1623","2"
"1624","2"
"1625","1"
"1626","0"
"1627","2"
"1628","1"
"1629","2"
"1630","0"
"1631","1"
"1632","2"
"1633","2"
"1634","2"
"1635","2"
"1636","2"
"1637","1"
"1638","2"
"1639","2"
"1640","2"
"1641","2"
"1642","2"
"1643","2"
"1644","0"
"1645","0"
"1646","1"
"1647","2"
"1648","2"
"1649","2"
"1650","2"
"1651","1"
"1652","2"
"1653","1"
"1654","0"
"1655","0"
"1656","0"
"1657","2"
"1658","2"
"1659","1"
"1660","1"
"1661","2"
"1662","2"
"1663","2"
"1664","0"
"1665","0"
"1666","2"
"1667","2"
"1668","1"
"1669","2"
"1670","1"
"1671","1"
"1672","2"
"1673","2"
"1674","1"
"1675","2"
"1676","2"
"1677","0"
"1678","0"
"1679","2"
"1680","2"
"1681","2"
"1682","2"
"1683","2"
"1684","2"
"1685","1"
"1686","2"
"1687","2"
"1688","1"
"1689","2"
"1690","2"
"1691","2"
"1692","1"
"1693","2"
"1694","2"
"1695","2"
"1696","1"
"1697","2"
"1698","2"
"1699","2"
"1700","0"
"1701","2"
"1702","1"
"1703","2"
"1704","2"
"1705","2"
"1706","1"
"1707","2"
"1708","1"
"1709","0"
"1710","2"
"1711","1"
"1712","0"
"1713","2"
"1714","2"
"1715","1"
"1716","0"
"1717","1"
"1718","2"
"1719","0"
"1720","0"
"1721","2"
"1722","1"
"1723","0"
"1724","2"
"1725","2"
"1726","2"
"1727","2"
"1728","1"
"1729","0"
"1730","1"
"1731","1"
"1732","0"
"1733","2"
"1734","2"
"1735","1"
"1736","2"
"1737","2"
"1738","2"
"1739","2"
"1740","2"
"1741","0"
"1742","1"
"1743","1"
"1744","2"
"1745","0"
"1746","2"
"1747","2"
"1748","1"
"1749","2"
"1750","2"
"1751","2"
"1752","1"
"1753","2"
"1754","2"
"1755","2"
"1756","0"
"1757","2"
"1758","1"
"1759","2"
"1760","2"
"1761","2"
"1762","0"
"1763","1"
"1764","2"
"1765","2"
"1766","1"
"1767","2"
"1768","1"
"1769","2"
"1770","1"
"1771","2"
"1772","1"
"1773","2"
"1774","2"
"1775","2"
"1776","2"
"1777","0"
"1778","0"
"1779","2"
"1780","2"
"1781","2"
"1782","1"
"1783","2"
"1784","2"
"1785","2"
"1786","2"
"1787","0"
"1788","2"
"1789","1"
"1790","2"
"1791","2"
"1792","2"
"1793","1"
"1794","2"
"1795","1"
"1796","2"
"1797","0"
"1798","2"
"1799","2"
"1800","2"
"1801","2"
"1802","2"
"1803","1"
"1804","1"
"1805","2"
"1806","2"
"1807","0"
"1808","2"
"1809","2"
"1810","2"
"1811","2"
"1812","2"
"1813","1"
"1814","2"
"1815","1"
"1816","2"
"1817","2"
"1818","1"
"1819","2"
"1820","0"
"1821","2"
"1822","1"
"1823","1"
"1824","0"
"1825","2"
"1826","2"
"1827","1"
"1828","1"
"1829","2"
"1830","0"
"1831","1"
"1832","2"
"1833","2"
"1834","2"
"1835","2"
"1836","0"
"1837","2"
"1838","2"
"1839","2"
"1840","2"
"1841","2"
"1842","0"
"1843","2"
"1844","1"
"1845","2"
"1846","1"
"1847","2"
"1848","2"
"1849","2"
"1850","2"
"1851","0"
"1852","1"
"1853","2"
"1854","2"
"1855","2"
"1856","2"
"1857","2"
"1858","2"
"1859","2"
"1860","1"
"1861","0"
"1862","1"
"1863","2"
"1864","2"
"1865","2"
"1866","0"
"1867","2"
"1868","2"
"1869","2"
"1870","2"
"1871","0"
"1872","1"
"1873","2"
"1874","2"
"1875","0"
"1876","2"
"1877","1"
"1878","0"
"1879","1"
"1880","1"
"1881","1"
"1882","2"
"1883","1"
"1884","2"
"1885","2"
"1886","2"
"1887","2"
"1888","0"
"1889","0"
"1890","0"
"1891","2"
"1892","2"
"1893","2"
"1894","2"
"1895","2"
"1896","2"
"1897","2"
"1898","2"
"1899","0"
"1900","2"
"1901","0"
"1902","2"
"1903","2"
"1904","2"
"1905","0"
"1906","0"
"1907","1"
"1908","1"
"1909","2"
"1910","2"
"1911","2"
"1912","1"
"1913","2"
"1914","2"
"1915","0"
"1916","2"
"1917","1"
"1918","2"
"1919","1"
"1920","2"
"1921","1"
"1922","2"
"1923","2"
"1924","2"
"1925","2"
"1926","0"
"1927","2"
"1928","2"
"1929","1"
"1930","1"
"1931","2"
"1932","2"
"1933","2"
"1934","0"
"1935","1"
"1936","1"
"1937","0"
"1938","2"
"1939","2"
"1940","2"
"1941","2"
"1942","2"
"1943","2"
"1944","2"
"1945","2"
"1946","2"
"1947","2"
"1948","2"
"1949","2"
"1950","1"
"1951","2"
"1952","1"
"1953","2"
"1954","1"
"1955","2"
"1956","2"
"1957","2"
"1958","1"
"1959","2"
"1960","2"
"1961","2"
"1962","2"
"1963","2"
"1964","2"
"1965","2"
"1966","2"
"1967","2"
"1968","1"
"1969","2"
"1970","2"
"1971","2"
"1972","2"
"1973","2"
"1974","2"
"1975","2"
"1976","2"
"1977","2"
"1978","2"
"1979","1"
"1980","0"
"1981","0"
"1982","2"
"1983","2"
"1984","2"
"1985","2"
"1986","1"
"1987","2"
"1988","1"
"1989","2"
"1990","2"
"1991","2"
"1992","0"
"1993","2"
"1994","2"
"1995","1"
"1996","2"
"1997","2"
"1998","1"
"1999","1"
"2000","1"
"2001","2"
"2002","2"
"2003","1"
"2004","1"
"2005","2"
"2006","2"
"2007","0"
"2008","2"
"2009","2"
"2010","2"
"2011","1"
"2012","0"
"2013","0"
"2014","2"
"2015","2"
"2016","2"
"2017","2"
"2018","2"
"2019","0"
"2020","2"
"2021","2"
"2022","2"
"2023","0"
"2024","2"
"2025","0"
"2026","2"
"2027","0"
"2028","1"
"2029","2"
"2030","0"
"2031","2"
"2032","2"
"2033","1"
"2034","2"
"2035","1"
"2036","2"
"2037","2"
"2038","2"
"2039","2"
"2040","2"
"2041","0"
"2042","2"
"2043","2"
"2044","2"
"2045","2"
"2046","1"
"2047","2"
"2048","2"
"2049","2"
"2050","2"
"2051","2"
"2052","2"
"2053","2"
"2054","2"
"2055","2"
"2056","2"
"2057","1"
"2058","2"
"2059","2"
"2060","2"
"2061","2"
"2062","2"
"2063","2"
"2064","2"
"2065","1"
"2066","1"
"2067","2"
"2068","2"
"2069","1"
"2070","1"
"2071","2"
"2072","2"
"2073","2"
"2074","1"
"2075","2"
"2076","2"
"2077","1"
"2078","2"
"2079","2"
"2080","2"
"2081","1"
"2082","2"
"2083","2"
"2084","0"
"2085","2"
"2086","2"
"2087","1"
"2088","1"
"2089","0"
"2090","0"
"2091","1"
"2092","2"
"2093","2"
"2094","1"
"2095","2"
"2096","2"
"2097","2"
"2098","0"
"2099","1"
"2100","2"
"2101","2"
"2102","2"
"2103","2"
"2104","0"
"2105","1"
"2106","2"
"2107","1"
"2108","2"
"2109","2"
"2110","2"
"2111","1"
"2112","2"
"2113","2"
"2114","2"
"2115","2"
"2116","2"
"2117","1"
"2118","0"
"2119","2"
"2120","2"
"2121","2"
"2122","2"
"2123","2"
"2124","2"
"2125","2"
"2126","2"
"2127","2"
"2128","1"
"2129","2"
"2130","2"
"2131","0"
"2132","2"
"2133","2"
"2134","2"
"2135","0"
"2136","2"
"2137","2"
"2138","2"
"2139","2"
"2140","2"
"2141","0"
"2142","2"
"2143","2"
"2144","2"
"2145","0"
"2146","2"
"2147","2"
"2148","2"
"2149","2"
"2150","2"
"2151","2"
"2152","1"
"2153","1"
"2154","2"
"2155","1"
"2156","2"
"2157","2"
"2158","2"
"2159","2"
"2160","2"
"2161","2"
"2162","2"
"2163","2"
"2164","2"
"2165","1"
"2166","2"
"2167","2"
"2168","0"
"2169","2"
"2170","1"
"2171","2"
"2172","0"
"2173","2"
"2174","2"
"2175","2"
"2176","2"
"2177","1"
"2178","2"
"2179","1"
"2180","2"
"2181","2"
"2182","1"
"2183","1"
"2184","2"
"2185","1"
"2186","2"
"2187","2"
"2188","1"
"2189","2"
"2190","0"
"2191","2"
"2192","2"
"2193","1"
"2194","2"
"2195","2"
"2196","2"
"2197","2"
"2198","0"
"2199","2"
"2200","2"
"2201","2"
"2202","2"
"2203","2"
"2204","0"
"2205","2"
"2206","2"
"2207","2"
"2208","1"
"2209","1"
"2210","0"
"2211","2"
"2212","2"
"2213","2"
"2214","0"
"2215","2"
"2216","0"
"2217","2"
"2218","2"
"2219","2"
"2220","2"
"2221","1"
"2222","1"
"2223","2"
"2224","2"
"2225","0"
"2226","1"
"2227","1"
"2228","2"
"2229","0"
"2230","2"
"2231","2"
"2232","1"
"2233","2"
"2234","1"
"2235","2"
"2236","2"
"2237","2"
"2238","2"
"2239","2"
"2240","2"
"2241","1"
"2242","2"
"2243","1"
"2244","2"
"2245","2"
"2246","0"
"2247","2"
"2248","1"
"2249","1"
"2250","2"
"2251","0"
"2252","0"
"2253","2"
"2254","0"
"2255","2"
"2256","2"
"2257","1"
"2258","2"
"2259","2"
"2260","2"
"2261","2"
"2262","2"
"2263","1"
"2264","2"
"2265","2"
"2266","2"
"2267","0"
"2268","2"
"2269","0"
"2270","2"
"2271","2"
"2272","2"
"2273","2"
"2274","2"
"2275","2"
"2276","1"
"2277","2"
"2278","1"
"2279","0"
"2280","1"
"2281","2"
"2282","1"
"2283","1"
"2284","2"
"2285","2"
"2286","2"
"2287","2"
"2288","2"
"2289","2"
"2290","0"
"2291","1"
"2292","0"
"2293","2"
"2294","2"
"2295","2"
"2296","1"
"2297","2"
"2298","0"
"2299","2"
"2300","2"
"2301","1"
"2302","2"
"2303","2"
"2304","2"
"2305","2"
"2306","2"
"2307","2"
"2308","2"
"2309","2"
"2310","0"
"2311","1"
"2312","2"
"2313","2"
"2314","2"
"2315","2"
"2316","2"
"2317","2"
"2318","0"
"2319","1"
"2320","2"
"2321","2"
"2322","2"
"2323","2"
"2324","2"
"2325","1"
"2326","2"
"2327","2"
"2328","2"
"2329","2"
"2330","2"
"2331","2"
"2332","1"
"2333","1"
"2334","2"
"2335","2"
"2336","2"
"2337","2"
"2338","2"
"2339","2"
"2340","2"
"2341","1"
"2342","1"
"2343","2"
"2344","1"
"2345","2"
"2346","2"
"2347","2"
"2348","0"
"2349","0"
"2350","1"
"2351","2"
"2352","2"
"2353","2"
"2354","1"
"2355","2"
"2356","2"
"2357","0"
"2358","1"
"2359","1"
"2360","0"
"2361","2"
"2362","2"
"2363","0"
"2364","2"
"2365","2"
"2366","2"
"2367","2"
"2368","1"
"2369","0"
"2370","2"
"2371","2"
"2372","0"
"2373","2"
"2374","2"
"2375","2"
"2376","2"
"2377","2"
"2378","2"
"2379","1"
"2380","2"
"2381","1"
"2382","1"
"2383","2"
"2384","2"
"2385","1"
"2386","1"
"2387","2"
"2388","2"
"2389","2"
"2390","0"
"2391","1"
"2392","1"
"2393","2"
"2394","2"
"2395","2"
"2396","2"
"2397","0"
"2398","0"
"2399","2"
"2400","1"
"2401","1"
"2402","0"
"2403","1"
"2404","2"
"2405","2"
"2406","2"
"2407","2"
"2408","0"
"2409","2"
"2410","2"
"2411","2"
"2412","0"
"2413","2"
"2414","1"
"2415","1"
"2416","1"
"2417","2"
"2418","2"
"2419","2"
"2420","0"
"2421","2"
"2422","0"
"2423","1"
"2424","2"
"2425","2"
"2426","2"
"2427","2"
"2428","2"
"2429","2"
"2430","2"
"2431","2"
"2432","1"
"2433","2"
"2434","2"
"2435","2"
"2436","2"
"2437","2"
"2438","2"
"2439","2"
"2440","2"
"2441","1"
"2442","2"
"2443","1"
"2444","1"
"2445","2"
"2446","1"
"2447","2"
"2448","2"
"2449","2"
"2450","1"
"2451","0"
"2452","2"
"2453","1"
"2454","2"
"2455","2"
"2456","2"
"2457","2"
"2458","2"
"2459","1"
"2460","2"
"2461","2"
"2462","2"
"2463","1"
"2464","2"
"2465","1"
"2466","2"
"2467","1"
"2468","2"
"2469","1"
"2470","0"
"2471","1"
"2472","2"
"2473","2"
"2474","2"
"2475","2"
"2476","2"
"2477","2"
"2478","2"
"2479","2"
"2480","1"
"2481","2"
"2482","2"
"2483","2"
"2484","1"
"2485","1"
"2486","2"
"2487","2"
"2488","0"
"2489","2"
"2490","2"
"2491","2"
"2492","2"
"2493","1"
"2494","2"
"2495","2"
"2496","2"
"2497","2"
"2498","2"
"2499","2"
"2500","2"
"2501","2"
"2502","2"
"2503","2"
"2504","0"
"2505","2"
"2506","1"
"2507","2"
"2508","1"
"2509","2"
"2510","2"
"2511","2"
"2512","2"
"2513","2"
"2514","2"
"2515","2"
"2516","2"
"2517","2"
"2518","0"
"2519","2"
"2520","1"
"2521","2"
"2522","0"
"2523","2"
"2524","2"
"2525","2"
"2526","2"
"2527","2"
"2528","1"
"2529","1"
"2530","0"
"2531","0"
"2532","2"
"2533","0"
"2534","2"
"2535","2"
"2536","1"
"2537","2"
"2538","2"
"2539","2"
"2540","2"
"2541","0"
"2542","2"
"2543","1"
"2544","0"
"2545","2"
"2546","2"
"2547","0"
"2548","2"
"2549","0"
"2550","1"
"2551","0"
"2552","2"
"2553","2"
"2554","0"
"2555","2"
"2556","2"
"2557","2"
"2558","1"
"2559","0"
"2560","0"
"2561","2"
"2562","2"
"2563","2"
"2564","0"
"2565","2"
"2566","0"
"2567","2"
"2568","1"
"2569","1"
"2570","2"
"2571","2"
"2572","1"
"2573","2"
"2574","2"
"2575","2"
"2576","2"
"2577","0"
"2578","0"
"2579","1"
"2580","1"
"2581","2"
"2582","2"
"2583","2"
"2584","0"
"2585","2"
"2586","0"
"2587","0"
"2588","2"
"2589","2"
"2590","2"
"2591","2"
"2592","1"
"2593","2"
"2594","1"
"2595","1"
"2596","0"
"2597","0"
"2598","2"
"2599","1"
"2600","1"
"2601","2"
"2602","2"
"2603","0"
"2604","1"
"2605","2"
"2606","2"
"2607","2"
"2608","2"
"2609","0"
"2610","2"
"2611","2"
"2612","2"
"2613","2"
"2614","2"
"2615","2"
"2616","0"
"2617","2"
"2618","2"
"2619","1"
"2620","1"
"2621","2"
"2622","1"
"2623","2"
"2624","2"
"2625","1"
"2626","1"
"2627","2"
"2628","1"
"2629","1"
"2630","0"
"2631","2"
"2632","2"
"2633","2"
"2634","2"
"2635","2"
"2636","2"
"2637","1"
"2638","2"
"2639","2"
"2640","0"
"2641","0"
"2642","2"
"2643","2"
"2644","0"
"2645","2"
"2646","2"
"2647","2"
"2648","2"
"2649","1"
"2650","2"
"2651","1"
"2652","2"
"2653","2"
"2654","1"
"2655","1"
"2656","0"
"2657","2"
"2658","1"
"2659","2"
"2660","2"
"2661","1"
"2662","2"
"2663","2"
"2664","0"
"2665","1"
"2666","2"
"2667","1"
"2668","2"
"2669","2"
"2670","1"
"2671","2"
"2672","2"
"2673","2"
"2674","1"
"2675","0"
"2676","2"
"2677","1"
"2678","1"
"2679","2"
"2680","0"
"2681","2"
"2682","2"
"2683","2"
"2684","2"
"2685","1"
"2686","2"
"2687","2"
"2688","2"
"2689","1"
"2690","0"
"2691","2"
"2692","2"
"2693","2"
"2694","2"
"2695","2"
"2696","2"
"2697","2"
"2698","2"
"2699","2"
"2700","2"
"2701","1"
"2702","2"
"2703","2"
"2704","0"
"2705","1"
"2706","2"
"2707","2"
"2708","0"
"2709","2"
"2710","1"
"2711","2"
"2712","2"
"2713","2"
"2714","2"
"2715","2"
"2716","2"
"2717","2"
"2718","1"
"2719","2"
"2720","2"
"2721","2"
"2722","1"
"2723","2"
"2724","2"
"2725","1"
"2726","2"
"2727","2"
"2728","2"
"2729","2"
"2730","2"
"2731","2"
"2732","1"
"2733","2"
"2734","2"
"2735","2"
"2736","2"
"2737","1"
"2738","2"
"2739","2"
"2740","2"
"2741","2"
"2742","2"
"2743","2"
"2744","2"
"2745","2"
"2746","2"
"2747","2"
"2748","2"
"2749","2"
"2750","2"
"2751","2"
"2752","2"
"2753","1"
"2754","2"
"2755","1"
"2756","2"
"2757","2"
"2758","2"
"2759","2"
"2760","2"
"2761","2"
"2762","2"
"2763","2"
"2764","2"
"2765","2"
"2766","2"
"2767","2"
"2768","1"
"2769","2"
"2770","2"
"2771","0"
"2772","2"
"2773","2"
"2774","2"
"2775","2"
"2776","1"
"2777","2"
"2778","2"
"2779","1"
"2780","2"
"2781","2"
"2782","2"
"2783","1"
"2784","2"
"2785","2"
"2786","1"
"2787","0"
"2788","2"
"2789","2"
"2790","1"
"2791","2"
"2792","2"
"2793","2"
"2794","2"
"2795","2"
"2796","2"
"2797","0"
"2798","1"
"2799","0"
"2800","1"
"2801","2"
"2802","2"
"2803","1"
"2804","0"
"2805","2"
"2806","2"
"2807","2"
"2808","1"
"2809","0"
"2810","2"
"2811","2"
"2812","2"
"2813","2"
"2814","2"
"2815","1"
"2816","0"
"2817","1"
"2818","1"
"2819","2"
"2820","2"
"2821","2"
"2822","2"
"2823","2"
"2824","2"
"2825","2"
"2826","0"
"2827","2"
"2828","2"
"2829","2"
"2830","2"
"2831","0"
"2832","1"
"2833","2"
"2834","1"
"2835","1"
"2836","2"
"2837","1"
"2838","2"
"2839","2"
"2840","2"
"2841","2"
"2842","2"
"2843","2"
"2844","0"
"2845","2"
"2846","1"
"2847","1"
"2848","0"
"2849","1"
"2850","1"
"2851","0"
"2852","2"
"2853","2"
"2854","1"
"2855","1"
"2856","1"
"2857","2"
"2858","2"
"2859","1"
"2860","0"
"2861","1"
"2862","0"
"2863","2"
"2864","2"
"2865","2"
"2866","2"
"2867","0"
"2868","2"
"2869","1"
"2870","2"
"2871","2"
"2872","2"
"2873","2"
"2874","2"
"2875","2"
"2876","0"
"2877","2"
"2878","1"
"2879","1"
"2880","2"
"2881","2"
"2882","0"
"2883","0"
"2884","2"
"2885","1"
"2886","2"
"2887","2"
"2888","2"
"2889","2"
"2890","2"
"2891","1"
"2892","2"
"2893","1"
"2894","2"
"2895","2"
"2896","1"
"2897","0"
"2898","0"
"2899","2"
"2900","2"
"2901","2"
"2902","2"
"2903","0"
"2904","2"
"2905","1"
"2906","2"
"2907","0"
"2908","2"
"2909","2"
"2910","2"
"2911","1"
"2912","0"
"2913","2"
"2914","2"
"2915","2"
"2916","0"
"2917","2"
"2918","2"
"2919","2"
"2920","2"
"2921","2"
"2922","1"
"2923","0"
"2924","2"
"2925","0"
"2926","2"
"2927","2"
"2928","2"
"2929","2"
"2930","2"
"2931","2"
"2932","2"
"2933","1"
"2934","2"
"2935","2"
"2936","0"
"2937","2"
"2938","2"
"2939","1"
"2940","1"
"2941","2"
"2942","2"
"2943","2"
"2944","1"
"2945","2"
"2946","2"
"2947","2"
"2948","2"
"2949","0"
"2950","2"
"2951","2"
"2952","1"
"2953","1"
"2954","1"
"2955","2"
"2956","2"
"2957","2"
"2958","0"
"2959","0"
"2960","2"
"2961","2"
"2962","2"
"2963","2"
"2964","1"
"2965","2"
"2966","2"
"2967","2"
"2968","2"
"2969","0"
"2970","2"
"2971","2"
"2972","2"
"2973","2"
"2974","2"
"2975","2"
"2976","2"
"2977","2"
"2978","2"
"2979","0"
"2980","2"
"2981","2"
"2982","1"
"2983","2"
"2984","2"
"2985","2"
"2986","1"
"2987","2"
"2988","2"
"2989","2"
"2990","0"
"2991","2"
"2992","2"
"2993","2"
"2994","1"
"2995","1"
"2996","2"
"2997","2"
"2998","0"
"2999","2"
"3000","2"
"3001","0"
"3002","2"
"3003","2"
"3004","2"
"3005","2"
"3006","2"
"3007","1"
"3008","2"
"3009","1"
"3010","0"
"3011","1"
"3012","2"
"3013","2"
"3014","2"
"3015","2"
"3016","2"
"3017","2"
"3018","2"
"3019","2"
"3020","1"
"3021","2"
"3022","1"
"3023","2"
"3024","1"
"3025","2"
"3026","1"
"3027","1"
"3028","0"
"3029","1"
"3030","1"
"3031","1"
"3032","2"
"3033","2"
"3034","2"
"3035","2"
"3036","2"
"3037","2"
"3038","2"
"3039","0"
"3040","2"
"3041","1"
"3042","2"
"3043","2"
"3044","2"
"3045","2"
"3046","1"
"3047","1"
"3048","2"
"3049","2"
"3050","2"
"3051","2"
"3052","1"
"3053","2"
"3054","2"
"3055","1"
"3056","2"
"3057","2"
"3058","2"
"3059","2"
"3060","2"
"3061","2"
"3062","2"
"3063","0"
"3064","2"
"3065","1"
"3066","0"
"3067","2"
"3068","2"
"3069","2"
"3070","2"
"3071","2"
"3072","0"
"3073","2"
"3074","2"
"3075","1"
"3076","0"
"3077","2"
"3078","2"
"3079","2"
"3080","2"
"3081","2"
"3082","1"
"3083","2"
"3084","0"
"3085","2"
"3086","2"
"3087","2"
"3088","0"
"3089","0"
"3090","2"
"3091","2"
"3092","2"
"3093","2"
"3094","2"
"3095","0"
"3096","2"
"3097","2"
"3098","2"
"3099","0"
"3100","2"
"3101","2"
"3102","2"
"3103","2"
"3104","2"
"3105","2"
"3106","1"
"3107","2"
"3108","2"
"3109","2"
"3110","1"
"3111","2"
"3112","0"
"3113","2"
"3114","1"
"3115","2"
"3116","2"
"3117","2"
"3118","2"
"3119","2"
"3120","0"
"3121","1"
"3122","2"
"3123","1"
"3124","2"
"3125","2"
"3126","2"
"3127","1"
"3128","2"
"3129","2"
"3130","2"
"3131","2"
"3132","2"
"3133","2"
"3134","2"
"3135","2"
"3136","2"
"3137","0"
"3138","2"
"3139","2"
"3140","1"
"3141","1"
"3142","2"
"3143","2"
"3144","2"
"3145","2"
"3146","0"
"3147","2"
"3148","2"
"3149","2"
"3150","2"
"3151","2"
"3152","2"
"3153","2"
"3154","2"
"3155","1"
"3156","2"
"3157","2"
"3158","2"
"3159","2"
"3160","2"
"3161","1"
"3162","1"
"3163","1"
"3164","1"
"3165","2"
"3166","2"
"3167","1"
"3168","2"
"3169","2"
"3170","2"
"3171","2"
"3172","1"
"3173","2"
"3174","2"
"3175","2"
"3176","1"
"3177","2"
"3178","2"
"3179","2"
"3180","1"
"3181","1"
"3182","2"
"3183","1"
"3184","2"
"3185","2"
"3186","1"
"3187","2"
"3188","2"
"3189","2"
"3190","2"
"3191","2"
"3192","2"
"3193","2"
"3194","2"
"3195","2"
"3196","2"
"3197","1"
"3198","0"
"3199","1"
"3200","1"
"3201","2"
"3202","1"
"3203","1"
"3204","1"
"3205","2"
"3206","0"
"3207","0"
"3208","2"
"3209","2"
"3210","2"
"3211","2"
"3212","2"
"3213","2"
"3214","2"
"3215","2"
"3216","0"
"3217","2"
"3218","0"
"3219","2"
"3220","2"
"3221","2"
"3222","2"
"3223","2"
"3224","2"
"3225","0"
"3226","2"
"3227","2"
"3228","2"
"3229","2"
"3230","1"
"3231","0"
"3232","2"
"3233","1"
"3234","2"
"3235","0"
"3236","2"
"3237","2"
"3238","2"
"3239","2"
"3240","2"
"3241","1"
"3242","2"
"3243","2"
"3244","1"
"3245","2"
"3246","2"
"3247","0"
"3248","1"
"3249","1"
"3250","2"
"3251","2"
"3252","1"
"3253","2"
"3254","0"
"3255","1"
"3256","2"
"3257","0"
"3258","1"
"3259","2"
"3260","2"
"3261","2"
"3262","2"
"3263","1"
"3264","2"
"3265","0"
"3266","1"
"3267","2"
"3268","2"
"3269","2"
"3270","2"
"3271","1"
"3272","2"
"3273","2"
"3274","1"
"3275","2"
"3276","2"
"3277","2"
"3278","2"
"3279","2"
"3280","2"
"3281","0"
"3282","2"
"3283","2"
"3284","2"
"3285","2"
"3286","1"
"3287","2"
"3288","2"
"3289","2"
"3290","2"
"3291","2"
"3292","2"
"3293","2"
"3294","2"
"3295","2"
"3296","2"
"3297","2"
"3298","2"
"3299","2"
"3300","2"
"3301","0"
"3302","2"
"3303","2"
"3304","0"
"3305","2"
"3306","1"
"3307","2"
"3308","0"
"3309","2"
"3310","2"
"3311","2"
"3312","2"
"3313","1"
"3314","2"
"3315","0"
"3316","1"
"3317","2"
"3318","2"
"3319","1"
"3320","2"
"3321","1"
"3322","0"
"3323","2"
"3324","0"
"3325","2"
"3326","1"
"3327","1"
"3328","0"
"3329","2"
"3330","2"
"3331","1"
"3332","2"
"3333","2"
"3334","2"
"3335","2"
"3336","2"
"3337","0"
"3338","2"
"3339","0"
"3340","2"
"3341","2"
"3342","2"
"3343","1"
"3344","2"
"3345","1"
"3346","1"
"3347","2"
"3348","2"
"3349","0"
"3350","2"
"3351","2"
"3352","2"
"3353","2"
"3354","2"
"3355","2"
"3356","2"
"3357","0"
"3358","2"
"3359","2"
"3360","2"
"3361","2"
"3362","2"
"3363","2"
"3364","1"
"3365","2"
"3366","2"
"3367","0"
"3368","0"
"3369","2"
"3370","2"
"3371","0"
"3372","2"
"3373","2"
"3374","2"
"3375","2"
"3376","2"
"3377","2"
"3378","2"
"3379","2"
"3380","1"
"3381","2"
"3382","2"
"3383","2"
"3384","2"
"3385","2"
"3386","2"
"3387","2"
"3388","2"
"3389","2"
"3390","1"
"3391","2"
"3392","0"
"3393","2"
"3394","2"
"3395","2"
"3396","2"
"3397","1"
"3398","0"
"3399","2"
"3400","0"
"3401","1"
"3402","1"
"3403","2"
"3404","1"
"3405","2"
"3406","1"
"3407","2"
"3408","2"
"3409","0"
"3410","2"
"3411","2"
"3412","1"
"3413","2"
"3414","2"
"3415","1"
"3416","2"
"3417","2"
"3418","1"
"3419","0"
"3420","2"
"3421","1"
"3422","2"
"3423","2"
"3424","2"
"3425","2"
"3426","1"
"3427","2"
"3428","2"
"3429","1"
"3430","0"
"3431","2"
"3432","2"
"3433","2"
"3434","2"
"3435","2"
"3436","2"
"3437","1"
"3438","0"
"3439","2"
"3440","1"
"3441","1"
"3442","0"
"3443","2"
"3444","2"
"3445","2"
"3446","2"
"3447","1"
"3448","1"
"3449","2"
"3450","1"
"3451","2"
"3452","2"
"3453","2"
"3454","2"
"3455","2"
"3456","2"
"3457","2"
"3458","2"
"3459","2"
"3460","1"
"3461","2"
"3462","0"
"3463","1"
"3464","2"
"3465","2"
"3466","2"
"3467","2"
"3468","2"
"3469","1"
"3470","2"
"3471","2"
"3472","2"
"3473","2"
"3474","2"
"3475","2"
"3476","2"
"3477","2"
"3478","0"
"3479","2"
"3480","2"
"3481","1"
"3482","0"
"3483","2"
"3484","0"
"3485","1"
"3486","2"
"3487","1"
"3488","2"
"3489","0"
"3490","1"
"3491","2"
"3492","2"
"3493","0"
"3494","2"
"3495","2"
"3496","2"
"3497","2"
"3498","2"
"3499","2"
"3500","1"
"3501","2"
"3502","2"
"3503","2"
"3504","2"
"3505","2"
"3506","2"
"3507","0"
"3508","2"
"3509","2"
"3510","2"
"3511","2"
"3512","1"
"3513","2"
"3514","2"
"3515","2"
"3516","2"
"3517","2"
"3518","2"
"3519","2"
"3520","2"
"3521","2"
"3522","1"
"3523","2"
"3524","2"
"3525","1"
"3526","1"
"3527","2"
"3528","0"
"3529","2"
"3530","2"
"3531","1"
"3532","2"
"3533","2"
"3534","2"
"3535","2"
"3536","2"
"3537","0"
"3538","1"
"3539","1"
"3540","1"
"3541","2"
"3542","2"
"3543","1"
"3544","2"
"3545","2"
"3546","2"
"3547","2"
"3548","1"
"3549","1"
"3550","1"
"3551","1"
"3552","2"
"3553","2"
"3554","1"
"3555","1"
"3556","0"
"3557","0"
"3558","1"
"3559","2"
"3560","2"
"3561","1"
"3562","2"
"3563","2"
"3564","2"
"3565","2"
"3566","2"
"3567","0"
"3568","0"
"3569","2"
"3570","2"
"3571","2"
"3572","0"
"3573","2"
"3574","2"
"3575","2"
"3576","2"
"3577","2"
"3578","0"
"3579","2"
"3580","2"
"3581","2"
"3582","0"
"3583","1"
"3584","1"
"3585","2"
"3586","2"
"3587","2"
"3588","2"
"3589","2"
"3590","2"
"3591","2"
"3592","2"
"3593","1"
"3594","2"
"3595","1"
"3596","2"
"3597","2"
"3598","2"
"3599","2"
"3600","1"
"3601","2"
"3602","2"
"3603","1"
"3604","2"
"3605","2"
"3606","2"
"3607","2"
"3608","2"
"3609","1"
"3610","2"
"3611","2"
"3612","1"
"3613","2"
"3614","2"
"3615","2"
"3616","2"
"3617","2"
"3618","2"
"3619","2"
"3620","2"
"3621","2"
"3622","1"
"3623","2"
"3624","2"
"3625","2"
"3626","0"
"3627","0"
"3628","1"
"3629","2"
"3630","2"
"3631","2"
"3632","2"
"3633","2"
"3634","0"
"3635","0"
"3636","2"
"3637","1"
"3638","2"
"3639","1"
"3640","1"
"3641","2"
"3642","2"
"3643","2"
"3644","1"
"3645","2"
"3646","2"
"3647","2"
"3648","1"
"3649","2"
"3650","0"
"3651","1"
"3652","2"
"3653","2"
"3654","2"
"3655","2"
"3656","2"
"3657","1"
"3658","2"
"3659","0"
"3660","2"
"3661","1"
"3662","2"
"3663","2"
"3664","2"
"3665","2"
"3666","2"
"3667","1"
"3668","0"
"3669","2"
"3670","0"
"3671","2"
"3672","0"
"3673","2"
"3674","1"
"3675","2"
"3676","1"
"3677","2"
"3678","2"
"3679","2"
"3680","2"
"3681","2"
"3682","0"
"3683","1"
"3684","1"
"3685","1"
"3686","0"
"3687","2"
"3688","2"
"3689","2"
"3690","2"
"3691","2"
"3692","1"
"3693","1"
"3694","2"
"3695","2"
"3696","2"
"3697","0"
"3698","1"
"3699","2"
"3700","2"
"3701","0"
"3702","2"
"3703","2"
"3704","2"
"3705","0"
"3706","1"
"3707","2"
"3708","2"
"3709","1"
"3710","2"
"3711","1"
"3712","2"
"3713","2"
"3714","2"
"3715","2"
"3716","2"
"3717","1"
"3718","0"
"3719","1"
"3720","2"
"3721","2"
"3722","2"
"3723","0"
"3724","0"
"3725","2"
"3726","0"
"3727","1"
"3728","0"
"3729","2"
"3730","2"
"3731","2"
"3732","2"
"3733","2"
"3734","2"
"3735","2"
"3736","1"
"3737","2"
"3738","2"
"3739","2"
"3740","2"
"3741","2"
"3742","2"
"3743","2"
"3744","2"
"3745","2"
"3746","2"
"3747","2"
"3748","1"
"3749","2"
"3750","2"
"3751","2"
"3752","2"
"3753","2"
"3754","1"
"3755","2"
"3756","2"
"3757","2"
"3758","2"
"3759","2"
"3760","2"
"3761","2"
"3762","2"
"3763","0"
"3764","2"
"3765","2"
"3766","2"
"3767","2"
"3768","0"
"3769","2"
"3770","2"
"3771","0"
"3772","2"
"3773","1"
"3774","1"
"3775","2"
"3776","2"
"3777","1"
"3778","2"
"3779","2"
"3780","1"
"3781","1"
"3782","1"
"3783","2"
"3784","1"
"3785","0"
"3786","2"
"3787","0"
"3788","2"
"3789","1"
"3790","2"
"3791","2"
"3792","2"
"3793","2"
"3794","2"
"3795","2"
"3796","1"
"3797","1"
"3798","2"
"3799","2"
"3800","2"
"3801","2"
"3802","2"
"3803","1"
"3804","2"
"3805","2"
"3806","2"
"3807","2"
"3808","0"
"3809","2"
"3810","2"
"3811","2"
"3812","0"
"3813","2"
"3814","0"
"3815","2"
"3816","2"
"3817","2"
"3818","1"
"3819","1"
"3820","2"
"3821","2"
"3822","1"
"3823","2"
"3824","2"
"3825","2"
"3826","2"
"3827","2"
"3828","2"
"3829","2"
"3830","2"
"3831","2"
"3832","1"
"3833","2"
"3834","2"
"3835","2"
"3836","2"
"3837","0"
"3838","2"
"3839","0"
"3840","2"
"3841","2"
"3842","2"
"3843","2"
"3844","0"
"3845","2"
"3846","2"
"3847","2"
"3848","2"
"3849","2"
"3850","2"
"3851","2"
"3852","0"
"3853","1"
"3854","2"
"3855","0"
"3856","2"
"3857","2"
"3858","0"
"3859","2"
"3860","1"
"3861","2"
"3862","2"
"3863","1"
"3864","0"
"3865","2"
"3866","2"
"3867","2"
"3868","2"
"3869","2"
"3870","1"
"3871","1"
"3872","1"
"3873","2"
"3874","0"
"3875","2"
"3876","2"
"3877","2"
"3878","2"
"3879","1"
"3880","2"
"3881","1"
"3882","2"
"3883","2"
"3884","2"
"3885","1"
"3886","2"
"3887","2"
"3888","1"
"3889","2"
"3890","2"
"3891","1"
"3892","1"
"3893","1"
"3894","0"
"3895","0"
"3896","2"
"3897","2"
"3898","2"
"3899","2"
"3900","2"
"3901","0"
"3902","2"
"3903","1"
"3904","2"
"3905","0"
"3906","1"
"3907","2"
"3908","2"
"3909","0"
"3910","2"
"3911","2"
"3912","1"
"3913","2"
"3914","2"
"3915","2"
"3916","2"
"3917","2"
"3918","1"
"3919","2"
"3920","2"
"3921","1"
"3922","2"
"3923","2"
"3924","0"
"3925","2"
"3926","2"
"3927","0"
"3928","2"
"3929","2"
"3930","2"
"3931","2"
"3932","2"
"3933","2"
"3934","1"
"3935","2"
"3936","1"
"3937","0"
"3938","0"
"3939","2"
"3940","2"
"3941","0"
"3942","2"
"3943","0"
"3944","2"
"3945","2"
"3946","1"
"3947","1"
"3948","2"
"3949","2"
"3950","1"
"3951","2"
"3952","1"
"3953","0"
"3954","2"
"3955","1"
"3956","2"
"3957","0"
"3958","2"
"3959","2"
"3960","2"
"3961","2"
"3962","0"
"3963","2"
"3964","1"
"3965","2"
"3966","2"
"3967","2"
"3968","2"
"3969","1"
"3970","2"
"3971","0"
"3972","2"
"3973","2"
"3974","2"
"3975","1"
"3976","2"
"3977","2"
"3978","0"
"3979","2"
"3980","2"
"3981","2"
"3982","2"
"3983","2"
"3984","2"
"3985","0"
"3986","1"
"3987","1"
"3988","0"
"3989","1"
"3990","0"
"3991","1"
"3992","2"
"3993","0"
"3994","2"
"3995","1"
"3996","2"
"3997","2"
"3998","2"
"3999","2"
"4000","2"
"4001","2"
"4002","2"
"4003","2"
"4004","2"
"4005","2"
"4006","2"
"4007","1"
"4008","2"
"4009","2"
"4010","2"
"4011","0"
"4012","2"
"4013","0"
"4014","2"
"4015","2"
"4016","2"
"4017","2"
"4018","0"
"4019","2"
"4020","2"
"4021","2"
"4022","0"
"4023","2"
"4024","2"
"4025","0"
"4026","0"
"4027","2"
"4028","2"
"4029","2"
"4030","0"
"4031","2"
"4032","2"
"4033","2"
"4034","1"
"4035","2"
"4036","2"
"4037","0"
"4038","2"
"4039","0"
"4040","2"
"4041","0"
"4042","2"
"4043","2"
"4044","0"
"4045","0"
"4046","2"
"4047","0"
"4048","2"
"4049","2"
"4050","2"
"4051","2"
"4052","2"
"4053","2"
"4054","1"
"4055","2"
"4056","2"
"4057","2"
"4058","2"
"4059","2"
"4060","1"
"4061","1"
"4062","2"
"4063","1"
"4064","2"
"4065","2"
"4066","1"
"4067","2"
"4068","2"
"4069","1"
"4070","1"
"4071","2"
"4072","1"
"4073","2"
"4074","0"
"4075","1"
"4076","2"
"4077","2"
"4078","0"
"4079","2"
"4080","1"
"4081","2"
"4082","2"
"4083","2"
"4084","0"
"4085","2"
"4086","2"
"4087","2"
"4088","2"
"4089","2"
"4090","2"
"4091","1"
"4092","2"
"4093","2"
"4094","2"
"4095","2"
"4096","2"
"4097","2"
"4098","2"
"4099","2"
"4100","2"
"4101","0"
"4102","1"
"4103","2"
"4104","2"
"4105","2"
"4106","2"
"4107","1"
"4108","2"
"4109","1"
"4110","2"
"4111","2"
"4112","2"
"4113","2"
"4114","2"
"4115","2"
"4116","2"
"4117","2"
"4118","2"
"4119","2"
"4120","1"
"4121","2"
"4122","2"
"4123","1"
"4124","2"
"4125","2"
"4126","2"
"4127","2"
"4128","2"
"4129","2"
"4130","2"
"4131","2"
"4132","1"
"4133","2"
"4134","2"
"4135","1"
"4136","2"
"4137","2"
"4138","2"
"4139","1"
"4140","2"
"4141","0"
"4142","2"
"4143","2"
"4144","2"
"4145","1"
"4146","2"
"4147","2"
"4148","1"
"4149","2"
"4150","2"
"4151","2"
"4152","0"
"4153","1"
"4154","2"
"4155","2"
"4156","1"
"4157","2"
"4158","1"
"4159","0"
"4160","1"
"4161","0"
"4162","0"
"4163","2"
"4164","0"
"4165","2"
"4166","2"
"4167","2"
"4168","1"
"4169","2"
"4170","2"
"4171","2"
"4172","2"
"4173","1"
"4174","1"
"4175","2"
"4176","0"
"4177","2"
"4178","2"
"4179","1"
"4180","2"
"4181","1"
"4182","1"
"4183","2"
"4184","2"
"4185","2"
"4186","2"
"4187","2"
"4188","2"
"4189","0"
"4190","1"
"4191","2"
"4192","2"
"4193","2"
"4194","2"
"4195","2"
"4196","2"
"4197","0"
"4198","2"
"4199","2"
"4200","2"
"4201","2"
"4202","1"
"4203","1"
"4204","2"
"4205","2"
"4206","2"
"4207","2"
"4208","2"
"4209","2"
"4210","2"
"4211","1"
"4212","2"
"4213","2"
"4214","0"
"4215","2"
"4216","1"
"4217","1"
"4218","2"
"4219","2"
"4220","2"
"4221","1"
"4222","2"
"4223","2"
"4224","2"
"4225","2"
"4226","1"
"4227","2"
"4228","0"
"4229","2"
"4230","1"
"4231","2"
"4232","2"
"4233","0"
"4234","2"
"4235","1"
"4236","0"
"4237","0"
"4238","2"
"4239","2"
"4240","2"
"4241","2"
"4242","2"
"4243","2"
"4244","2"
"4245","2"
"4246","1"
"4247","2"
"4248","2"
"4249","2"
"4250","2"
"4251","1"
"4252","0"
"4253","1"
"4254","2"
"4255","2"
"4256","0"
"4257","2"
"4258","1"
"4259","2"
"4260","2"
"4261","2"
"4262","1"
"4263","2"
"4264","2"
"4265","1"
"4266","1"
"4267","2"
"4268","2"
"4269","2"
"4270","0"
"4271","2"
"4272","2"
"4273","2"
"4274","2"
"4275","2"
"4276","0"
"4277","2"
"4278","2"
"4279","2"
"4280","2"
"4281","0"
"4282","2"
"4283","2"
"4284","2"
"4285","0"
"4286","1"
"4287","0"
"4288","1"
"4289","2"
"4290","2"
"4291","1"
"4292","2"
"4293","2"
"4294","2"
"4295","2"
"4296","2"
"4297","0"
"4298","2"
"4299","1"
"4300","1"
"4301","2"
"4302","2"
"4303","2"
